{
  "@context": "https://w3id.org/openbadges/v2",
  "id": "https://raw.githubusercontent.com/Yexiaoxing/blockcerts-trial/master/revocation-list.json",
  "type": "RevocationList",
  "issuer": "https://raw.githubusercontent.com/Yexiaoxing/blockcerts-trial/master/issuer.json",
  "revokedAssertions": [{
      "id": "urn:uuid:93019408-acd8-4420-be5e-0400d643954a",
      "revocationReason": "Honor code violation"
    },
    {
      "id": "urn:uuid:eda7d784-c03b-40a2-ac10-4857e9627329",
      "revocationReason": "Issued in error."
    }
  ]
}